GROUP,PACKAGE,CLASS,INSTRUCTION_MISSED,INSTRUCTION_COVERED,BRANCH_MISSED,BRANCH_COVERED,LINE_MISSED,LINE_COVERED,COMPLEXITY_MISSED,COMPLEXITY_COVERED,METHOD_MISSED,METHOD_COVERED
cls515-labmaven-eq19,edu.mv.persistence,PersistenceService,0,47,0,2,0,12,0,6,0,5
cls515-labmaven-eq19,edu.mv.persistence,RocketNotFoundException,0,3,0,0,0,2,0,1,0,1
cls515-labmaven-eq19,edu.mv.mapping,RocketMapper,0,5,0,0,0,1,0,1,0,1
cls515-labmaven-eq19,edu.mv.mapping,RocketMapperImpl,4,43,2,2,2,13,2,3,0,3
cls515-labmaven-eq19,edu.mv,RestApiApp,8,0,0,0,3,0,2,0,2,0
cls515-labmaven-eq19,edu.mv.models,RocketDTO,0,24,0,0,0,10,0,7,0,7
cls515-labmaven-eq19,edu.mv.models,RocketResponse,10,0,0,0,4,0,3,0,3,0
cls515-labmaven-eq19,edu.mv.config,AppConfig,3,0,0,0,1,0,1,0,1,0
cls515-labmaven-eq19,edu.mv.config,WebAppInitializer,19,0,0,0,4,0,4,0,4,0
cls515-labmaven-eq19,edu.mv.db.models,Rocket,0,24,0,0,0,10,0,7,0,7
cls515-labmaven-eq19,edu.mv.controller,GetRocketException,3,0,0,0,2,0,1,0,1,0
cls515-labmaven-eq19,edu.mv.controller,RocketController,22,0,0,0,8,0,3,0,3,0
cls515-labmaven-eq19,edu.mv.service,RocketService,0,16,0,0,0,6,0,3,0,3
